{
  "AlexNet_VPR": {
    "recall_at_k": {
      "1": 0.09545454545454546,
      "5": 0.2772727272727273,
      "10": 0.2909090909090909,
      "20": 0.39090909090909093
    },
    "mrr": 0.16952937953572128,
    "median_rank": 47.5,
    "mean_rank": 85.69545454545455
  },
  "AMOSNet": {
    "recall_at_k": {
      "1": 0.22727272727272727,
      "5": 0.38636363636363635,
      "10": 0.4318181818181818,
      "20": 0.5363636363636364
    },
    "mrr": 0.29653110741940353,
    "median_rank": 17.0,
    "mean_rank": 53.804545454545455
  },
  "CALC": {
    "recall_at_k": {
      "1": 0.05,
      "5": 0.16363636363636364,
      "10": 0.22272727272727272,
      "20": 0.35
    },
    "mrr": 0.10668978362507321,
    "median_rank": 51.5,
    "mean_rank": 87.17272727272727
  },
  "CoHOG": {
    "recall_at_k": {
      "1": 0.25,
      "5": 0.41818181818181815,
      "10": 0.4318181818181818,
      "20": 0.5045454545454545
    },
    "mrr": 0.3174314833298731,
    "median_rank": 18.5,
    "mean_rank": 58.4
  },
  "HOG": {
    "recall_at_k": {
      "1": 0.01818181818181818,
      "5": 0.09545454545454546,
      "10": 0.10454545454545454,
      "20": 0.15
    },
    "mrr": 0.047922199752344935,
    "median_rank": 98.5,
    "mean_rank": 119.21363636363637
  },
  "HybridNet": {
    "recall_at_k": {
      "1": 0.2636363636363636,
      "5": 0.43636363636363634,
      "10": 0.5045454545454545,
      "20": 0.6136363636363636
    },
    "mrr": 0.3379055434176566,
    "median_rank": 10.0,
    "mean_rank": 47.86818181818182
  },
  "NetVLAD": {
    "recall_at_k": {
      "1": 0.5681818181818182,
      "5": 0.759090909090909,
      "10": 0.7954545454545454,
      "20": 0.8727272727272727
    },
    "mrr": 0.6454516233673734,
    "median_rank": 1.0,
    "mean_rank": 13.227272727272727
  },
  "RegionVLAD": {
    "recall_at_k": {
      "1": 0.2863636363636364,
      "5": 0.5318181818181819,
      "10": 0.5727272727272728,
      "20": 0.6409090909090909
    },
    "mrr": 0.38212389484371795,
    "median_rank": 6.5,
    "mean_rank": 40.877272727272725
  }
}